h,S,P,Q
0.0,0.0,0.0,0.0
0.008208208208208197,0.0002595891645156163,0.06623442795644187,7.376657804701049e-06
0.016416416416416394,0.0010383566580624652,0.13246885591288374,4.68388574367675e-05
0.024624624624624593,0.002336302480640547,0.19870328386932565,0.00013809659910973403
0.03283283283283279,0.004153426632249861,0.2649377118257675,0.00029740820627245304
0.04104104104104098,0.006489729112890407,0.3311721397822094,0.000539236956741806
0.049249249249249186,0.009345209922562188,0.3974065677386513,0.00087685874680009
0.05745745745745738,0.0127198690612652,0.46364099569509315,0.0013226788552557754
0.06566566566566558,0.016613706528999444,0.529875423651535,0.0018884243980034686
0.07387387387387377,0.021026722325764916,0.5961098516079768,0.002585272516439774
0.08208208208208197,0.025958916451561627,0.6623442795644188,0.0034239412495682933
0.09029029029029016,0.03141028890638957,0.7285787075208606,0.004414756939457899
0.09849849849849837,0.03738083969024875,0.7948131354773026,0.00556770598839192
0.10670670670670657,0.04458864101519074,1.0756243562711036,0.006105265259032802
0.11491491491491476,0.0544308064255144,1.4044751575495504,0.007125846610034998
0.12312312312312296,0.06694332751124185,1.7333259588279968,0.008743726441840103
0.13133133133133115,0.08212620427237308,2.0621767601064436,0.010948557133937688
0.13953953953953935,0.09997943670890809,2.3910275613848904,0.013768902269506531
0.14774774774774754,0.12114117532661299,2.88411813682071,0.01673332209321721
0.15595595595595574,0.14640352967619807,3.3869697324257872,0.02061339844926749
0.16416416416416393,0.17576463937155964,3.8878480326397087,0.025498671539371128
0.17237237237237213,0.2091589026199881,4.352845674546615,0.03160212650217417
0.18058058058058032,0.245903412822465,4.734294041790037,0.03913289743327557
0.18878878878878852,0.2857527229578635,5.11574240903346,0.04773270866365637
0.19699699699699674,0.32870683302618375,5.497190776276883,0.05745906795514745
0.20520520520520494,0.3747657430274256,5.878639143520305,0.06836804649293919
0.21341341341341313,0.42477344205241035,6.754729706237152,0.07678826215919625
0.22162162162162133,0.47810009590647257,8.231729426693482,0.08196753780261168
0.22982982982982952,0.5494416960905277,9.327288912249132,0.09509046408484573
0.23803803803803772,0.6325459192776,11.1244324773391,0.10692339763152331
0.24624624624624591,0.7304815594010744,12.93642900550421,0.12290712258688209
0.2544544544544541,0.8422085749799038,14.283095709537829,0.14585537229943055
0.2626626626626623,0.9633698001965986,15.926162227884896,0.16970143675090804
0.27087087087087053,1.0994518681045307,18.85341479520061,0.18900425600410803
0.2790790790790787,1.2600321474017586,20.518360833056274,0.22420510487014547
0.2872872872872869,1.4334769070288753,21.97709123053813,0.26552714374708414
0.2954954954954951,1.6209481348477652,24.24780230547188,0.3052142733949505
0.3037037037037033,1.8200727867302344,26.412139488787272,0.3497170195761336
0.3119119119119115,2.0419477155435977,27.943981436761042,0.4079936492375221
0.3201201201201197,2.276334719910199,29.480289771300484,0.47185685468802596
0.32832832832832787,2.52453725061669,31.317334801244787,0.538539634880643
0.3365365365365361,2.787196802273306,32.98070320456794,0.613588691807876
0.34474474474474426,3.0626622795257603,34.40346820632275,0.6980206354601748
0.3529529529529525,3.3484862619151015,35.451418703395525,0.793894912662756
0.36116116116116065,3.6405634856574793,36.087188373893106,0.9018830258992621
0.36936936936936887,3.9378113366072336,36.722958044390694,1.0160247799685178
0.37757757757757704,4.239882476956167,37.267557261432174,1.1379948829907582
0.38578578578578526,4.546311536871955,37.80456897706385,1.2662137438845669
0.3939939939939935,4.857096110654979,38.34158069269552,1.4005083937038636
0.40220220220220165,5.172398201196694,39.02579188049737,1.5370570955715643
0.4104104104104099,5.495350502075509,40.10364585265233,1.6697097684938031
0.41861861861861804,5.826459923679206,41.033103715178484,1.8128265659532796
0.42682682682682627,6.167694255837592,42.709240832776494,1.9407133335962803
0.43503503503503443,6.521889983378533,43.78349270550733,2.09501309341685
0.44324324324324266,6.88171836377032,44.383207025502074,2.2704935257779413
0.4514514514514508,7.246426584721166,44.98292134549682,2.4525203493403134
0.45965965965965905,7.616014646231077,45.582635665491566,2.6410982555358733
0.4678678678678672,7.989293465237537,45.87951780805235,2.8479954414957867
0.47607607607607544,8.36593916652013,46.51814662522019,3.0470585390869416
0.4842842842842836,8.748679879878743,47.281293166893725,3.2475003627157526
0.49249249249249183,9.137644130064631,48.04443970856727,3.454614100176687
0.5007007007007,9.532831917077791,48.8075862502408,3.668452515819173
0.5089089089089082,9.934243240918217,49.57073279191434,3.889069038426349
0.5171171171171164,10.342168311714014,50.41540726044768,4.112270856525332
0.5253253253253246,10.757082123143714,51.272580384434804,4.341821052646307
0.5335335335335328,11.179031339026954,52.15449966606008,4.577028991880289
0.5417417417417411,11.608419189667332,53.12030437101343,4.814516326467644
0.5499499499499492,12.046648523262036,54.276001847874035,5.0482756767016665
0.5581581581581574,12.494328945811237,55.43169932473465,5.289979560288282
0.5663663663663656,12.950585937839314,56.312751779086675,5.557111273987522
0.5745745745745738,13.413459760734513,57.11434718290144,5.836812862668106
0.582782782782782,13.88285553503406,57.900251177346945,6.125134153226572
0.5909909909909902,14.358500064057813,58.65556256791452,6.423132544693427
0.5991991991991984,14.840310929130833,59.41087395848211,6.728717098171246
0.6074074074074066,15.328288130253117,60.166185349049684,7.0419402693486175
0.6156156156156147,15.800361071457072,60.43307760908333,7.385271083703313
0.623823823823823,16.29373593925201,60.47447868408085,7.7700580537671815
0.6320320320320312,16.787420598864287,60.51587975907837,8.162658260732538
0.6402402402402394,17.28141505029391,60.5572808340759,8.562997559561087
0.6484484484484475,17.775719293540867,60.59868190907342,8.97100468386397
0.6566566566566557,18.270333328605172,60.64008298407094,9.386611059268644
0.664864864864864,18.76525715548682,60.68148405906847,9.809750633606818
0.6730730730730722,19.26049077418581,60.72288513406599,10.240359722004628
0.6812812812812804,19.756034184702145,60.76428620906351,10.678376865218459
0.6894894894894885,20.251887387035815,60.80568728406104,11.123742699780955
0.6976976976976967,20.748050381186836,60.84708835905855,11.576399838708554
0.705905905905905,21.244523167155194,60.888489434056076,12.036292761680384
0.7141141141141132,21.7413057449409,60.9298905090536,12.50336771373384
0.7223223223223213,22.238398114543937,60.97129158405112,12.977572611637628
0.7305305305305295,22.735800275964323,61.012692659048646,13.458856957202865
0.7387387387387377,23.233512229202056,61.05409373404617,13.947171756878294
0.746946946946946,23.731533974257125,61.09549480904369,14.44246944705014
0.7551551551551541,24.229865511129532,61.136895884041216,14.944703824531416
0.7633633633633623,24.72850683981929,61.17829695903874,15.453829981781546
0.7715715715715705,25.227457877482298,61.21959825716609,15.969821510964323
0.7797797797797787,25.726715664526075,61.26047820456146,16.492692137119995
0.787987987987987,26.226278723580943,61.301358151956826,17.022327920452746
0.7961961961961951,26.726147054646894,61.342238099352194,17.558688493388786
0.8044044044044033,27.22632065772394,61.38311804674756,18.101734519306365
0.8126126126126115,27.726799532812073,61.42399799414294,18.651427648798997
0.8208208208208198,28.2275836799113,61.464877941538305,19.207730478543564
0.8290290290290279,28.72867309902161,61.50575788893367,19.770606512574982
0.8372372372372361,29.230067790143018,61.54663783632904,20.340020125787685
0.8454454454454443,29.731767753275513,61.58751778372441,20.91593652950015
0.8536536536536525,30.233772988419098,61.628397731119776,21.498321738933505
0.8618618618618606,30.736083495573766,61.669277678515144,22.087142542468122
0.8700700700700689,31.23869927473953,61.71015762591051,22.682366472553873
0.8782782782782771,31.741620325916383,61.75103757330588,23.28396177816021
0.8864864864864853,32.24484664910433,61.79191752070125,23.89189739866188
0.8946946946946934,32.74837824430335,61.832797468096615,24.506142939064286
0.9029029029029016,33.25221511151348,61.87367741549198,25.126668646480855
0.9111111111111099,33.756357250734695,61.91455736288735,25.753445387780918
0.9193193193193181,34.260804661967,61.95543731028272,26.386444628333955
0.9275275275275263,34.76555734521039,61.99631725767809,27.02563841178094
0.9357357357357344,35.27061530046487,62.03719720507346,27.67099934076949
0.9439439439439427,35.77597852773044,62.07807715246883,28.322500558593617
0.9521521521521509,36.281647027007104,62.1189570998642,28.980115731683917
0.9603603603603591,36.78762079829485,62.159837047259565,29.64381903289754
0.9685685685685672,37.29389984159369,62.20071699465493,30.313585125561122
0.9767767767767754,37.80048415690362,62.2415969420503,30.989389148223115
0.9849849849849837,38.30737374422464,62.28247688944567,31.671206700075075
0.9931931931931919,38.81456860355676,62.323356836841036,32.35901382700432
1.0014014014014,39.32206873489996,62.364236784236404,33.05278700824262
1.0096096096096083,39.82987413825425,62.40511673163177,33.75250314357857
1.0178178178178163,40.33798481361961,62.44599667902714,34.458139541102796
1.0260260260260246,40.84640076099609,62.48687662642251,35.1696739054576
1.0342342342342328,41.35512198038364,62.527756573817875,35.88708432656427
1.042442442442441,41.8641484717823,62.56863652121324,36.610349268803446
1.0506506506506492,42.373480235192034,62.60951646860862,37.33944756062453
1.0588588588588574,42.88311727061287,62.650396416003986,38.074358384563055
1.0670670670670657,43.393011616160884,62.67949532306828,38.81985330760648
1.075275275275274,43.90308308120139,62.7066919091726,39.57190902533286
1.0834834834834821,44.41333041519738,62.733888495276915,40.32973104327733
1.0916916916916901,44.92375361814885,62.76108508138123,41.093297763689144
1.0998998998998983,45.43435269005582,62.78828166748555,41.86258791745748
1.1081081081081066,45.945127630918265,62.815478253589866,42.63758055563131
1.1163163163163148,46.456078440736206,62.84267483969418,43.418255041249466
1.124524524524523,46.967205119509636,62.8698714257985,44.204591041466315
1.1327327327327312,47.478507667238546,62.89706801190282,44.99656851995927
1.1409409409409395,47.98998608392295,62.924264598007134,45.79416772960517
1.1491491491491477,48.501640369562836,62.95146118411145,46.597369205413145
1.1573573573573557,49.013470524158194,62.97865777021577,47.406153757702704
1.165565565565564,49.525476547709054,63.005854356320086,48.2205024655157
1.1737737737737721,50.0376584402154,63.03305094242441,49.04039667025213
1.1819819819819803,50.55001620167724,63.06024752852873,49.865817969519895
1.1901901901901886,51.06254983209456,63.087444114633044,50.69674821118916
1.1983983983983968,51.575259331467365,63.11464070073736,51.533169487642766
1.206606606606605,52.088144699795656,63.14183728684168,52.37506413021408
1.2148148148148132,52.60120593707944,63.169033872945995,53.222414703804674
1.2230230230230215,53.11444304331871,63.19623045905031,54.075204001674095
1.2312312312312295,53.62785601851345,63.22342704515463,54.9334150403949
1.2394394394394377,54.14144486266369,63.25062363125895,55.79703105496594
1.247647647647646,54.65520957576942,63.277820217363264,56.66603549407775
1.2558558558558541,55.16915015783063,63.30501680346758,57.54041201552356
1.2640640640640624,55.68326660884733,63.3322133895719,58.420144481750725
1.2722722722722706,56.197558928819525,63.359409975676215,59.3052169555464
1.2804804804804788,56.7120271177472,63.38660656178053,60.195613695852735
1.288688688688687,57.22667117563036,63.41380314788485,61.09131915370631
1.296896896896895,57.741491102469,63.440999733989166,61.99231796829707
1.3051051051051032,58.256486898263134,63.46819632009348,62.89859496314238
1.3133133133133115,58.77165856301275,63.4953929061978,63.81013514237165
1.3215215215215197,59.28700609671786,63.52258949230212,64.7269236871176
1.329729729729728,59.80252949937846,63.549786078406434,65.64894595201008
1.3379379379379361,60.31822877099454,63.57698266451075,66.57618746176865
1.3461461461461444,60.83410391156611,63.60417925061507,67.50863390789063
1.3543543543543526,61.350154921093164,63.631375836719386,68.44627114543067
1.3625625625625608,61.866381799575706,63.6585724228237,69.38908518986912
1.3707707707707688,62.38278454701373,63.68576900892802,70.33706221406548
1.378978978978977,62.899363163407244,63.71296559503234,71.29018854529461
1.3871871871871853,63.41611764875624,63.740162181136654,72.24845066236196
1.3953953953953935,63.93304800306073,63.76735876724097,73.21183519279599
1.4036036036036017,64.4501542263207,63.79455535334529,74.18032891011441
1.41181181181181,64.96743631853617,63.821751939449605,75.15391873116216
1.4200200200200181,65.48489427970712,63.84894852555392,76.13259171351842
1.4282282282282264,66.00252810983356,63.87614511165824,77.11633505297058
1.4364364364364344,66.52033780891547,63.903341697762556,78.10513608105268
1.4446446446446426,67.03832337695289,63.93053828386687,79.09898226264663
1.4528528528528508,67.55648481394579,63.95773486997119,80.0978611936433
1.461061061061059,68.07482211989416,63.98493145607551,81.10176059866268
1.4692692692692673,68.59333529479804,64.01212804217982,82.11066832883037
1.4774774774774755,69.11202433865739,64.03932462828415,83.1245723596085
1.4856856856856837,69.63088925147224,64.06652121438846,84.14346078868034
1.493893893893892,70.14993003324257,64.09371780049278,85.16732183388562
1.5021021021021002,70.66914668396839,64.1209143865971,86.19614383120594
1.5103103103103082,71.18853920364968,64.14811097270142,87.2299152327982
1.5185185185185164,71.70810759228647,64.17530755880573,88.26862460507489
1.5267267267267246,72.22785184987875,64.20250414491005,89.31226062682937
1.5349349349349328,72.74777197642652,64.22970073101436,90.36081208740538
1.543143143143141,73.26786797192976,64.25689731711869,91.41426788490861
1.5513513513513493,73.78813983638851,64.284093903223,92.47261702446022
1.5595595595595575,74.30858756980273,64.31129048932732,93.5358486164895
1.5677677677677657,74.82921117217245,64.33848707543163,94.60395187506656
1.575975975975974,75.35001064349764,64.36568366153595,95.67691611627127
1.584184184184182,75.87098598377831,64.39288024764026,96.75473075660031
1.5923923923923902,76.39213719301449,64.42007683374459,97.83738531140865
1.6006006006005984,76.91346427120615,64.4472734198489,98.92486939338602
1.6088088088088066,77.43496721835328,64.47447000595322,100.01717271106668
1.6170170170170148,77.95664603445593,64.50166659205755,101.11428506737234
1.625225225225223,78.47850071951405,64.52886317816186,102.2161963581857
1.6334334334334313,79.00053127352766,64.55605976426618,103.32289657095589
1.6416416416416395,79.52273769649673,64.58325635037049,104.43437578333278
1.6498498498498475,80.0451199884213,64.61045293647481,105.5506241618313
1.6580580580580557,80.56767814930137,64.63764952257912,106.67163196052336
1.666266266266264,81.09041217913693,64.66484610868345,107.79738951975725
1.6744744744744722,81.61332207792796,64.69204269478776,108.92788726490448
1.6826826826826804,82.13640784567448,64.71923928089208,110.0631157051319
1.6908908908908886,82.6596694823765,64.74643586699639,111.2030654321995
1.6990990990990968,83.18310698803401,64.77363245310072,112.34772711928272
1.707307307307305,83.70672036264699,64.80082903920503,113.49709151981895
1.7155155155155133,84.23050960621546,64.82802562530935,114.65114946637705
1.7237237237237213,84.75447471873942,64.85522221141366,115.80989186955011
1.7319319319319295,85.27861570021886,64.88241879751799,116.97330971686988
1.7401401401401377,85.8029325506538,64.9096153836223,118.14139407174295
1.748348348348346,86.32742527004422,64.93681196972662,119.31413607240822
1.7565565565565542,86.85209385839013,64.96400855583093,120.49152693091435
1.7647647647647624,87.37693831569152,64.99120514193525,121.67355793211755
1.7729729729729706,87.9019586419484,65.01840172803956,122.86022043269882
1.7811811811811789,88.42715483716077,65.04559831414389,124.05150586020001
1.7893893893893869,88.95252690132861,65.0727949002482,125.2474057120783
1.797597597597595,89.47807483445195,65.09999148635252,126.44791155477904
1.8058058058058033,90.00379863653077,65.12718807245683,127.65301502282594
1.8140140140140115,90.5296983075651,65.15438465856116,128.86270781792834
1.8222222222222197,91.05577384755489,65.18158124466547,130.07698170810542
1.830430430430428,91.58202525650019,65.20877783076979,131.29582852682682
1.8386386386386362,92.10845253440095,65.2359744168741,132.5192401721687
1.8468468468468444,92.63505568125723,65.26317100297842,133.7472086059861
1.8550550550550526,93.16183469706897,65.29036758908273,134.97972585309955
1.8632632632632606,93.68879726242311,65.32186934389986,136.21081745220917
1.8714714714714689,94.2160152491582,65.35989488198106,137.4373860927169
1.879679679679677,94.74350629380278,65.39792042006225,138.6684600274533
1.8878878878878853,95.27127039635685,65.43594595814345,139.90403281592893
1.8960960960960935,95.79932293043703,65.47802365662612,141.1383125495692
1.9043043043043018,96.32770242109181,65.52150530559271,142.3750823190038
1.91251251251251,96.85641071378859,65.56498695455932,143.61634234748388
1.9207207207207182,97.38544780852736,65.6084686035259,144.86208722852697
1.9289289289289262,97.9148137053081,65.65195025249251,146.1123116036517
1.9371371371371344,98.44450840413084,65.6954319014591,147.36701016180712
1.9453453453453426,98.97453190499559,65.7389135504257,148.62617763881047
1.9535535535535509,99.50488420790232,65.7823951993923,149.88980881679572
1.961761761761759,100.03556531285103,65.8258768483589,151.15789852366999
1.9699699699699673,100.56657521984175,65.86935849732549,152.43044163258008
1.9781781781781755,101.09791392887445,65.9128401462921,153.70743306138692
1.9863863863863838,101.62958143994913,65.95632179525869,154.9888677721491
1.994594594594592,102.16156308749716,65.99395084782934,156.28394260423573
2.0028028028028,102.69378899683377,66.02697687796233,157.59069979678915
2.0110110110110084,103.22625009627443,66.0600029080953,158.90189955625982
2.0192192192192167,103.75894638581912,66.09302893822829,160.21753578018487
2.027427427427425,104.29187786546784,66.12605496836127,161.53760241243268
2.0356356356356327,104.82504453522056,66.15908099849425,162.86209344267743
2.043843843843841,105.35844639507735,66.19210702862723,164.19100290588312
2.052052052052049,105.89208344503817,66.2251330587602,165.52432488179434
2.0602602602602573,106.42595568510303,66.2581590888932,166.86205349443676
2.0684684684684655,106.96006311527192,66.29118511902617,168.20418291162434
2.0766766766766738,107.49440573554486,66.32421114915915,169.5507073444753
2.084884884884882,108.02898354592182,66.35723717929213,170.90162104693496
2.09309309309309,108.56379654640281,66.39026320942511,172.25691831530648
2.1013013013012984,109.09884473698784,66.4232892395581,173.61659348778875
2.1095095095095067,109.63412811767691,66.45631526969107,174.9806409440217
2.117717717717715,110.16964668847001,66.48934129982406,176.34905510463832
2.125925925925923,110.70540044936713,66.52236732995704,177.72183043082364
2.1341341341341313,111.2413894003683,66.55539336009002,179.09896142388092
2.1423423423423396,111.7776135414735,66.588419390223,180.48044262480354
2.150550550550548,112.31407276091244,66.62112487169532,181.86685168014552
2.158758758758756,112.85073910502449,66.64937181270582,183.26570516314374
2.1669669669669642,113.3875909504126,66.67761875371635,184.6688830369134
2.175175175175172,113.92462829707675,66.70586569472685,186.0763792922361
2.1833833833833802,114.461851145017,66.73411263573736,187.48818796002246
2.1915915915915885,114.99925949423331,66.76235957674788,188.9043031108937
2.1997997997997967,115.5368533447257,66.79060651775839,190.3247188547701
2.208008008008005,116.07463269649415,66.81885345876891,191.7494293404653
2.216216216216213,116.61259754953866,66.84710039977942,193.17842875528666
2.2244244244244213,117.15074790385924,66.87534734078993,194.61171132464128
2.2326326326326296,117.6890837594559,66.90359428180045,196.04927131164817
2.240840840840838,118.2276051163286,66.93184122281096,197.49110301675566
2.249049049049046,118.76631197447739,66.96008816382148,198.93720077736472
2.2572572572572542,119.30520433390225,66.98833510483199,200.3875589674577
2.2654654654654625,119.84428219460317,67.0165820458425,201.84217199723173
2.2736736736736707,120.38354555658016,67.04482898685302,203.30103431273852
2.281881881881879,120.9229944198332,67.07307592786353,204.7641403955285
2.290090090090087,121.46262878436234,67.10132286887404,206.2314847623001
2.2982982982982954,122.00244865016752,67.12956980988456,207.70306196455417
2.3065065065065036,122.54245401724877,67.15781675089507,209.17886658825327
2.3147147147147114,123.08264488560607,67.18606369190557,210.65889325348547
2.3229229229229196,123.62302125523945,67.2143106329161,212.1431366141333
2.331131131131128,124.16358312614892,67.2425575739266,213.63159135754702
2.339339339339336,124.70433049833444,67.27080451493713,215.12425220422182
2.3475475475475442,125.24526337179603,67.29905145594763,216.621113907481
2.3557557557557525,125.78637310940199,67.32562149299798,218.12576817472697
2.3639639639639607,126.32763478527191,67.35147702314356,219.63611594381425
2.372172172172169,126.86904683133372,67.37733255328915,221.1506137543381
2.380380380380377,127.41060924758742,67.40318808343473,222.66925591492083
2.3885885885885854,127.952322034033,67.42904361358032,224.1920367673728
2.3967967967967936,128.4941851906705,67.4548991437259,225.7189506863825
2.405005005005002,129.03619871749984,67.48075467387149,227.24999207921002
2.41321321321321,129.5783626145211,67.50661020401708,228.78515538538522
2.4214214214214183,130.12067688173423,67.53246573416266,230.3244350764092
2.4296296296296265,130.66314151913923,67.55832126430825,231.86782565546042
2.4378378378378347,131.20575652673617,67.58417679445382,233.41532165710467
2.446046046046043,131.74852190452495,67.61003232459942,234.96691764700782
2.4542542542542507,132.2914376525056,67.63588785474501,236.52260822165405
2.462462462462459,132.83450377067817,67.66174338489058,238.0823880080667
2.470670670670667,133.37772025904263,67.68759891503618,239.64625166353252
2.4788788788788754,133.92108711759897,67.71345444518175,241.2141938753302
2.4870870870870836,134.46460434634722,67.73930997532734,242.78620936046215
2.495295295295292,135.00830162414977,67.7738861705834,244.34142006216211
2.5035035035035,135.5522746218971,67.80988001841797,245.89739521691533
2.5117117117117083,136.09646452262754,67.8413356301924,247.46837630048648
2.5199199199199165,136.6408563707221,67.87279124196682,249.04340666065931
2.5281281281281247,137.18545016618077,67.90424685374124,250.6224818061896
2.536336336336333,137.73024590900354,67.93570246551567,252.20559727218279
2.544544544544541,138.27524359919042,67.9671580772901,253.79274861986656
2.5527527527527494,138.8204432367414,67.99861368906451,255.38393143636563
2.5609609609609576,139.3658448216565,68.03006930083895,256.9791413344799
2.569169169169166,139.91144835393573,68.06152491261336,258.5783739524647
2.577377377377374,140.45725383357905,68.09298052438778,260.18162495381404
2.5855855855855823,141.00326126058647,68.12443613616222,261.7888900270469
2.59379379379379,141.54947063495797,68.15589174793664,263.4001648854952
2.6020020020019983,142.09587753694947,68.18398676247784,265.0241393681201
2.6102102102102065,142.64238026824782,68.20166392559626,266.6790369830972
2.6184184184184147,143.1889363551116,68.2193410887147,268.33788211239687
2.626626626626623,143.73554579754088,68.23701825183312,270.000668515948
2.634834834834831,144.2822085955356,68.25469541495156,271.667389983322
2.6430430430430394,144.8289247490958,68.27237257806999,273.338040333484
2.6512512512512476,145.37569425822147,68.29004974118841,275.01261341454705
2.659459459459456,145.9225171229126,68.30772690430685,276.69110310352835
2.667667667667664,146.4693933431692,68.32540406742528,278.3735033061099
2.6758758758758723,147.01632291899128,68.3430812305437,280.05980795640113
2.6840840840840805,147.5633058503788,68.36075839366214,281.7500110167041
2.6922922922922887,148.1103421373318,68.37843555678056,283.4441064772827
2.700500500500497,148.65743177985027,68.396112719899,285.1420883561335
2.708708708708705,149.20457477793423,68.41378988301743,286.84395069876007
2.7169169169169134,149.75177113158364,68.43146704613585,288.54968757794916
2.7251251251251216,150.2990208407985,68.44914420925429,290.25929309355035
2.7333333333333294,150.84632390557883,68.4668213723727,291.9727613722582
2.7415415415415376,151.39368032592463,68.48449853549114,293.6900865673964
2.749749749749746,151.94109010183593,68.50217569860958,295.41126285870496
2.757957957957954,152.48855323331264,68.519852861728,297.1362844521296
2.7661661661661623,153.03606972035487,68.53753002484643,298.8651455796139
2.7743743743743705,153.58363956296256,68.55520718796485,300.5978404988934
2.7825825825825787,154.1312627611357,68.57288435108329,302.33436349329247
2.790790790790787,154.67893931487433,68.59056151420172,304.07470887152374
2.798998998998995,155.2266692241784,68.60823867732014,305.8188709674889
2.8072072072072034,155.77445248904795,68.62591584043858,307.56684414008254
2.8154154154154116,156.32228910948297,68.64359300355702,309.31862277299837
2.82362362362362,156.87017908548347,68.66127016667544,311.0742012745369
2.831831831831828,157.4181224170494,68.67894732979387,312.83357407741573
2.8400400400400363,157.96611910418085,68.69662449291229,314.59673563858246
2.8482482482482445,158.51416914687775,68.71430165603073,316.36368043902826
2.8564564564564527,159.0622725451401,68.73197881914916,318.13440298360536
2.864664664664661,159.61042929896792,68.74965598226758,319.90889780084495
2.8728728728728687,160.15863940836118,68.76733314538602,321.6871594427786
2.881081081081077,160.70690287331993,68.78501030850444,323.46918248476004
2.889289289289285,161.25521969384417,68.80268747162287,325.2549615252903
2.8974974974974934,161.80358986993386,68.82036463474131,327.0444911858438
2.9057057057057016,162.35201340158903,68.83804179785973,328.83776611069743
2.91391391391391,162.90049028880966,68.85571896097817,330.63478096675976
2.922122122122118,163.44902053159578,68.87339612409659,332.4355304434042
2.9303303303303263,163.99760412994732,68.89107328721502,334.2400092523023
2.9385385385385345,164.54624108386437,68.90875045033346,336.04821212725983
2.9467467467467428,165.09493139334688,68.92642761345188,337.8601338240541
2.954954954954951,165.64367505839485,68.94410477657031,339.67576912027306
2.963163163163159,166.19247207900827,68.96178193968873,341.49511281515674
2.9713713713713674,166.74132245518717,68.97945910280717,343.31815972943957
2.9795795795795756,167.29022618693156,68.9971362659256,345.1449047051947
2.987787787787784,167.8391832742414,69.01481342904403,346.97534260568
2.995995995995992,168.3881937171167,69.03249059216246,348.8094683151858
3.0042042042042003,168.9372575155575,69.0501677552809,350.6472767388841
3.012412412412408,169.4863746695637,69.06784491839932,352.48876280267916
3.0206206206206163,170.03554517913543,69.08552208151775,354.3339214530601
3.0288288288288245,170.58476904427258,69.10319924463617,356.18274765695446
3.0370370370370328,171.13404626497524,69.12087640775461,358.0352364015841
3.045245245245241,171.68337684124336,69.13855357087304,359.89138269432146
3.053453453453449,172.23276077307693,69.15623073399146,361.75118156254877
3.0616616616616574,172.782198060476,69.1739078971099,363.614628053517
3.0698698698698657,173.3316887034405,69.19158506022832,365.4817172342076
3.078078078078074,173.8812327019705,69.20926222334676,367.3524441911954
3.086286286286282,174.43083005606593,69.22693938646519,369.2268040305119
3.0944944944944903,174.98048076572687,69.24461654958361,371.104791877512
3.1027027027026985,175.5301885980408,69.2640263535026,372.98019601765435
3.1109109109109068,176.08000364648748,69.28696561090412,374.84661996055394
3.119119119119115,176.62994154267162,69.30990486830565,376.7167260161814
3.127327327327323,177.18000228659324,69.33284412570717,378.59051038122635
3.1355355355355314,177.73018587825229,69.3557833831087,380.46796926863885
3.1437437437437397,178.28049231764882,69.37872264051023,382.3490989075213
3.151951951951948,178.83092160478282,69.40166189791175,384.2338955430182
3.1601601601601557,179.38147373965424,69.42460115531328,386.12235543620886
3.168368368368364,179.93214872226315,69.4475404127148,388.0144748640018
3.176576576576572,180.48294655260955,69.47047967011633,389.9102501190275
3.1847847847847803,181.03386723069337,69.49341892751787,391.80967750953477
3.1929929929929886,181.5849107565147,69.51635818491938,393.7127533592873
3.2012012012011968,182.13607713007346,69.53929744232092,395.61947400746055
3.209409409409405,182.6873663513697,69.56223669972243,397.5298358085403
3.2176176176176132,183.23877842040338,69.58517595712397,399.44383513222226
3.2258258258258214,183.79031333717452,69.6081152145255,401.3614683633121
3.2340340340340297,184.34197110168316,69.63105447192702,403.2827319016269
3.242242242242238,184.89375171392925,69.65399372932855,405.2076221618973
3.250450450450446,185.44565517391277,69.67693298673007,407.1361355736701
3.2586586586586543,185.99768148163378,69.6998722441316,409.0682685812133
3.2668668668668626,186.54983063709224,69.72281150153313,411.0040176434201
3.275075075075071,187.10210264028817,69.74575075893465,412.94337923371546
3.283283283283279,187.65449749122158,69.76869001633618,414.8863498399619
3.2914914914914872,188.20701518989242,69.7916292737377,416.8329259643677
3.299699699699695,188.75965573630072,69.81456853113923,418.7831041233952
3.3079079079079032,189.31241913044647,69.83750778854075,420.7368808476698
3.3161161161161115,189.86530537232971,69.86044704594228,422.69425268189065
3.3243243243243197,190.41831446195042,69.88338630334381,424.6552161847404
3.332532532532528,190.97144639930858,69.90632556074533,426.61976792879847
3.340740740740736,191.52470118440422,69.92926481814686,428.5879045004518
3.3489489489489443,192.0780788172373,69.95220407554838,430.55962249980973
3.3571571571571526,192.63157929780786,69.97514333294991,432.53491854061747
3.365365365365361,193.18520262611588,69.99808259035144,434.5137892501708
3.373573573573569,193.73894880216136,70.02102184775296,436.49623126923177
3.3817817817817772,194.2928178259443,70.0439611051545,438.4822412519456
3.3899899899899855,194.8468096974647,70.06690036255601,440.47181586575704
3.3981981981981937,195.40092441672255,70.08983961995754,442.4649517913291
3.406406406406402,195.9551619837179,70.11277887735908,444.46164572246107
3.41461461461461,196.50952239845066,70.1357181347606,446.46189436600827
3.4228228228228184,197.0640056609209,70.15865739216213,448.46569444180153
3.4310310310310266,197.61861177112863,70.18159664956364,450.4730426825688
3.4392392392392344,198.17334072907377,70.20453590696518,452.48393583385564
3.4474474474474426,198.72819253475643,70.22747516436671,454.4983706539486
3.455655655655651,199.28316718817652,70.25041442176823,456.5163439137969
3.463863863863859,199.83826468933407,70.27335367916976,458.5378523969363
3.4720720720720673,200.3934850382291,70.29629293657128,460.56289289941384
3.4802802802802755,200.9488282348616,70.31923219397281,462.591462229712
3.4884884884884837,201.50429427923154,70.34217145137434,464.62355720867424
3.496696696696692,202.05988317133895,70.36511070877586,466.659174669432
3.5049049049049,202.61559491118382,70.38804996617739,468.69831145733013
3.5131131131131084,203.17142949876617,70.41098922357891,470.7409644298551
3.5213213213213166,203.72738693408596,70.43392848098044,472.7871304565631
3.529529529529525,204.28346721714323,70.45686773838197,474.83680641900844
3.537737737737733,204.83967034793795,70.47980699578349,476.8899892106731
3.5459459459459413,205.396009678556,70.50554235346532,478.9340648700148
3.5541541541541495,205.95252081425704,70.5323415472807,480.9768956470695
3.5623623623623577,206.50920568786862,70.55914074109607,483.02328556791235
3.570570570570566,207.06606429939072,70.58593993491145,485.0732322608178
3.5787787787787737,207.62309664882332,70.61273912872683,487.1267333641938
3.586986986986982,208.18030273616645,70.63953832254221,489.1837865265236
3.59519519519519,208.73768256142012,70.66633751635759,491.2443894063078
3.6034034034033984,209.29523612458428,70.69313671017296,493.3085396720052
3.6116116116116066,209.852963425659,70.71993590398834,495.37623500197685
3.619819819819815,210.41086446464422,70.74673509780372,497.44747308442766
3.628028028028023,210.96893924153997,70.7735342916191,499.52225161735146
3.6362362362362313,211.52718775634622,70.80033348543448,501.6005683084731
3.6444444444444395,212.085610009063,70.82713267924986,503.6824208751951
3.6526526526526477,212.6442059996903,70.85393187306524,505.7678070445403
3.660860860860856,213.20297572822815,70.88073106688061,507.8567245530991
3.669069069069064,213.7619191946765,70.90753026069599,509.9491711469734
3.6772772772772724,214.32103639903536,70.93432945451137,512.0451445817247
3.6854854854854806,214.88032734130476,70.96112864832675,514.1446426223195
3.693693693693689,215.4397920214847,70.98792784214213,516.2476630430764
3.701901901901897,215.99943043957512,71.0147270359575,518.354203627614
3.7101101101101053,216.55924259557608,71.04152622977288,520.4642621687987
3.718318318318313,217.11922848948754,71.06832542358826,522.577836468693
3.7265265265265213,217.67938812130953,71.09512461740364,524.694924338504
3.7347347347347295,218.23972149104205,71.12192381121902,526.8155235985331
3.7429429429429377,218.8002285986851,71.1487230050344,528.9396320781246
3.751151151151146,219.36090944423864,71.17552219884978,531.0672476156168
3.759359359359354,219.92176402770275,71.20232139266516,533.1983680582912
3.7675675675675624,220.48279234907736,71.22912058648053,535.332991262324
3.7757757757757706,221.0439944083625,71.25591978029591,537.4711150927368
3.783983983983979,221.60537020555813,71.28271897411129,539.6127374233482
3.792192192192187,222.1669197406643,71.30951816792667,541.7578561367259
3.8004004004003953,222.72864393819575,71.34082032571892,543.8835854104632
3.8086086086086035,223.29096738156142,71.45993028105089,545.5670039761593
3.8168168168168117,223.85424161750322,71.57904023638287,547.2547360835204
3.82502502502502,224.41846664602113,71.69815019171483,548.946786009139
3.833233233233228,224.98364246711517,71.8172601470468,550.6431580312609
3.8414414414414364,225.54976908078538,71.93637010237876,552.3438564297529
3.8496496496496446,226.1168464870317,72.05548005771072,554.0488854860707
3.8578578578578524,226.6848746858541,72.17459001304269,555.7582494832295
3.8660660660660606,227.2538536772527,72.29369996837465,557.471952705773
3.874274274274269,227.8237834612274,72.41280992370662,559.1899994397423
3.882482482482477,228.39466403777823,72.5319198790386,560.9123939726468
3.8906906906906853,228.9664954069052,72.65102983437056,562.6391405934354
3.8988988988988935,229.53927756860833,72.77013978970253,564.3702435924648
3.9071071071071017,230.11301052288755,72.88924974503449,566.1057072614734
3.91531531531531,230.6876942697429,73.00835970036646,567.8455358935502
3.923523523523518,231.26332880917442,73.12746965569842,569.5897337831088
3.9317317317317264,231.83991414118205,73.2465796110304,571.3383052258577
3.9399399399399346,232.4174502657658,73.36568956636236,573.0912545187731
3.948148148148143,232.9959371829257,73.48479952169433,574.8485859600718
3.956356356356351,233.5753748926617,73.60390947702629,576.6103038491838
3.9645645645645593,234.15576339497386,73.72301943235826,578.3764124867255
3.9727727727727675,234.73710268986216,73.84212938769022,580.1469161744735
3.9809809809809757,235.31939277732656,73.9612393430222,581.921819215338
3.989189189189184,235.90263365736712,74.08034929835416,583.7011259133371
3.9973973973973917,236.48682532998376,74.19945925368611,585.484840573571
4.0056056056056,237.0719677951766,74.3185692090181,587.2729675021966
4.013813813813808,237.65796773222306,74.39213919769833,589.3055027729592
4.022022022022017,238.2441778163238,74.41323662637836,591.618292166456
4.030230230230225,238.83047415150835,74.43433405505841,593.9345545394315
4.038438438438433,239.41685673777687,74.45543148373845,596.254286540017
4.046646646646641,240.00332557512917,74.47652891241849,598.5774848272237
4.05485485485485,240.58988066356542,74.49762634109854,600.9041460708877
4.0630630630630575,241.17652200308552,74.51872376977857,603.2342669516124
4.071271271271265,241.76324959368947,74.53982119845861,605.5678441607117
4.079479479479474,242.35006343537736,74.56091862713866,607.904874400155
4.087687687687682,242.93696352814908,74.5820160558187,610.2453543825109
4.09589589589589,243.52394987200472,74.60311348449873,612.5892808308923
4.104104104104098,244.1110224669442,74.62421091317877,614.9366504789015
4.112312312312307,244.69818131296762,74.64530834185882,617.2874600705768
4.120520520520515,245.28542641007482,74.66640577053886,619.6417063603369
4.128728728728723,245.872757758266,74.6875031992189,621.9993861129304
4.136936936936931,246.46017535754098,74.70860062789895,624.3604961033785
4.14514514514514,247.0476792078999,74.72969805657898,626.7250331169266
4.1533533533533475,247.63526930934265,74.75079548525902,629.0929939489895
4.161561561561556,248.22294566186935,74.77189291393907,631.4643754050996
4.169769769769764,248.81070826547983,74.7929903426191,633.8391743008565
4.177977977977973,249.39855712017427,74.81408777129914,636.2173874618757
4.18618618618618,249.98649222595253,74.8351851999792,638.5990117237365
4.194394394394389,250.57451358281472,74.85628262865923,640.9840439319337
4.202602602602597,251.16262119076075,74.87738005733927,643.3724809418258
4.210810810810805,251.75081504979062,74.89847748601932,645.764319618586
4.219019019019013,252.33909515990445,74.91957491469935,648.1595568371546
4.227227227227221,252.92746152110212,74.94067234337939,650.5581894821861
4.23543543543543,253.5159141333837,74.96176977205944,652.9602144480054
4.2436436436436376,254.1044529967491,74.98286720073948,655.3656286385559
4.251851851851846,254.69307811119845,75.00396462941951,657.7744289673537
4.260060060060054,255.28178947673163,75.02506205809955,660.1866123574395
4.268268268268263,255.87058709334872,75.0461594867796,662.6021757413312
4.2764764764764704,256.45947096104965,75.06725691545964,665.0211160609773
4.284684684684679,257.0484410798345,75.08835434413967,667.443430267711
4.292892892892887,257.6374974497032,75.10945177281972,669.869115322203
4.301101101101096,258.22664007065583,75.13054920149976,672.2981681944169
4.309309309309303,258.81586894269225,75.1516466301798,674.7305858635615
4.317517517517512,259.4051840658126,75.17274405885985,677.1663653180493
4.32572572572572,259.9945854400168,75.19384148753988,679.6055035554482
4.3339339339339285,260.58407306530495,75.21493891621992,682.0479975824387
4.342142142142136,261.1736469416769,75.23603634489997,684.4938444147687
4.350350350350344,261.76330706913274,75.25713377358001,686.9430410772117
4.358558558558553,262.3530534476725,75.27823120226005,689.3955846035204
4.3667667667667605,262.94288607729607,75.2993286309401,691.8514720363852
4.374974974974969,263.5328049580036,75.32042605962013,694.3107004273915
4.383183183183177,264.12281008979494,75.34152348830017,696.7732668369748
4.391391391391386,264.71290147267024,75.36262091698022,699.2391683343818
4.399599599599593,265.3030791066293,75.38371834566026,701.7084019976246
4.407807807807802,265.89334299167234,75.40481577434029,704.1809649134424
4.41601601601601,266.48369312779926,75.42591320302034,706.656854177257
4.4242242242242185,267.07412951501004,75.44701063170038,709.1360668931334
4.432432432432426,267.66465215330464,75.46810806038042,711.6186001737382
4.440640640640635,268.2552610426832,75.48920548906047,714.1044511402996
4.448848848848843,268.8459561831456,75.5103029177405,716.5936169225665
4.457057057057051,269.43673757469185,75.53140034642054,719.0860946587682
4.465265265265259,270.027605217322,75.55249777510059,721.5818814955752
4.473473473473468,270.61855911103606,75.57359520378063,724.0809745880592
4.481681681681676,271.20959925583395,75.59469263246066,726.5833710996538
4.489889889889883,271.8007256517157,75.61579006114071,729.0890682021162
4.498098098098092,272.39193829868145,75.63688748982075,731.5980630754881
4.5063063063063,272.98323719673095,75.65798491850079,734.1103529080559
4.5145145145145085,273.57462234586444,75.67908234718084,736.6259348963151
4.522722722722716,274.1660937460817,75.70017977586087,739.1448062449299
4.530930930930925,274.7576513973829,75.72127720454091,741.6669641666978
4.539139139139133,275.34929529976796,75.74237463322096,744.192405882509
4.547347347347341,275.94102545323693,75.763472061901,746.721128621313
4.555555555555549,276.5328418577897,75.78456949058103,749.2531296200781
4.563763763763758,277.1247445134265,75.80566691926109,751.7884061237579
4.571971971971966,277.716733420147,75.82676434794112,754.3269553852517
4.580180180180174,278.30880857795154,75.84786177662116,756.8687746653716
4.588388388388382,278.9009699868398,75.86895920530121,759.4138612328028
4.596596596596591,279.49321764681207,75.89005663398125,761.962212364072
4.6048048048047985,280.08555155786814,75.91115406266128,764.5138253435077
4.613013013013007,280.67797172000814,75.93225149134133,767.0686974632089
4.621221221221215,281.270478133232,75.95334892002137,769.6268260230067
4.629429429429423,281.8630707975397,75.9744463487014,772.1882083304313
4.637637637637631,282.4557497129313,75.99554377738146,774.7528417006777
4.645845845845839,283.0485148794068,76.0166412060615,777.3207234565702
4.654054054054048,283.6413662969662,76.03773863474153,779.8918509285292
4.662262262262256,284.23430396560946,76.05883606342157,782.4662214545357
4.670470470470464,284.8273278853366,76.07993349210162,785.0438323801006
4.678678678678672,285.4204380561476,76.10103092078165,787.6246810582281
4.686886886886881,286.0136344780425,76.1221283494617,790.2087648493844
4.6950950950950885,286.6069171510212,76.14322577814174,792.796081121464
4.703303303303297,287.2002860750839,76.16432320682178,795.3866272497569
4.711511511511505,287.79374125023037,76.18542063550181,797.9804006169153
4.719719719719714,288.3872826764608,76.20651806418186,800.5773986129234
4.727927927927921,288.9809103537751,76.2276154928619,803.1776186350625
4.73613613613613,289.57462428217326,76.24871292154194,805.781058087881
4.744344344344338,290.16842446165526,76.26981035022199,808.3877143831605
4.7525525525525465,290.7623108922212,76.29090777890202,810.9975849398877
4.760760760760754,291.356283573871,76.31200520758206,813.6106671842192
4.768968968968962,291.9503425066046,76.33310263626211,816.2269585494522
4.777177177177171,292.5444876904222,76.35420006494215,818.8464564759944
4.7853853853853785,293.1387191253236,76.37529749362218,821.4691584113302
4.793593593593587,293.7330368113089,76.39639492230224,824.0950618099944
4.801801801801795,294.3274407483781,76.41749235098227,826.724164133537
4.810010010010004,294.92193093653117,76.43858977966231,829.3564628504973
4.818218218218211,295.51650737576813,76.45968720834236,831.9919554363705
4.82642642642642,296.11117006608896,76.4807846370224,834.6306393735806
4.834634634634628,296.7059190074936,76.50188206570243,837.272512151448
4.8428428428428365,297.30075419998224,76.52297949438248,839.9175712661636
4.851051051051044,297.8956756435547,76.54407692306252,842.5658142207549
4.859259259259253,298.49068333821106,76.56517435174256,845.2172385250614
4.867467467467461,299.08577728395124,76.5862717804226,847.8718416957023
4.875675675675669,299.68095748077536,76.60736920910264,850.5296212560503
4.883883883883877,300.2762239286833,76.62846663778268,853.1905747362007
4.892092092092086,300.8715766276752,76.64956406646273,855.8546996729455
4.900300300300294,301.4670155777509,76.67066149514277,858.521993609742
4.908508508508501,302.0625407789105,76.6917589238228,861.192454096689
4.91671671671671,302.65815223115396,76.71285635250285,863.866078690494
4.924924924924918,303.2538499344813,76.73395378118289,866.54286495445
4.9331331331331265,303.8496338888926,76.75505120986293,869.2228104584052
4.941341341341334,304.4455040943877,76.77614863854298,871.9059127787355
4.949549549549543,305.04146055096675,76.79724606722301,874.5921694983202
4.957757757757751,305.6375032586296,76.81834349590305,877.2815782065109
4.965965965965959,306.2336322173764,76.8394409245831,879.974136499108
4.974174174174167,306.8298777190877,76.87174810562698,882.5841754333917
4.982382382382376,307.42641544722954,76.91488869243244,885.1147697092015
4.990590590590584,308.0232736938391,76.95802927923789,887.6487750602952
4.998798798798792,308.6204524589164,77.00116986604336,890.1861917195439
5.007007007007,309.2179517424614,77.0443104528488,892.7270199221088
5.015215215215209,309.81577154447416,77.08745103965427,895.27125990543
5.0234234234234165,310.41391186495457,77.13059162645972,897.8189119092181
5.031631631631625,311.01237270390277,77.17373221326518,900.3699761754423
5.039839839839833,311.6111540613186,77.21687280007063,902.9244529483209
5.048048048048041,312.21025593720213,77.26001338687608,905.482342474312
5.056256256256249,312.80967833155347,77.30315397368155,908.0436450021033
5.064464464464457,313.4094212443724,77.346294560487,910.6083607826007
5.072672672672666,314.00948467565917,77.38943514729246,913.1764900689207
5.080880880880874,314.6098686254136,77.43257573409791,915.7480331163792
5.089089089089082,315.21057309363573,77.47571632090337,918.3229901824825
5.09729729729729,315.81159808032555,77.51885690770882,920.9013615269165
5.105505505505499,316.4129435854831,77.56199749451429,923.4831474115389
5.1137137137137065,317.0146096091084,77.60513808131974,926.0683481003673
5.121921921921915,317.6165961512014,77.6482786681252,928.6569638595728
5.130130130130123,318.21890321176204,77.69141925493065,931.2489949574658
5.138338338338332,318.82153079079046,77.73455984173611,933.8444416644926
5.146546546546539,319.42447888828656,77.77770042854156,936.4433042532207
5.154754754754748,320.02774750425044,77.82084101534703,939.0455829983333
5.162962962962956,320.63133663868194,77.86398160215248,941.6512781766163
5.1711711711711645,321.2352448262105,77.90483041246604,944.2789014070624
5.179379379379372,321.8393824787189,77.93190897599538,947.021118010335
5.18758758758758,322.4436966924578,77.95898753952474,949.7666635490207
5.195795795795789,323.04818746742734,77.98606610305409,952.5155368511902
5.2040040040039965,323.65285480362735,78.01314466658344,955.2677367490834
5.212212212212205,324.2576987010579,78.04022323011279,958.0232620790957
5.220420420420413,324.86271915971895,78.06730179364213,960.7821116817589
5.228628628628622,325.4679161796106,78.09438035717149,963.5442844017263
5.236836836836829,326.0732897607327,78.12145892070083,966.3097790877542
5.245045045045038,326.6788399030854,78.14853748423019,969.0785945926883
5.253253253253246,327.28456660666853,78.17561604775953,971.8507297734432
5.2614614614614545,327.8904698714823,78.20269461128889,974.6261834909927
5.269669669669662,328.4965496975265,78.22977317481823,977.4049546103466
5.277877877877871,329.10280608480133,78.25685173834759,980.187042000539
5.286086086086079,329.70923903330663,78.28393030187694,982.9724445346112
5.294294294294287,330.3158485430425,78.31100886540628,985.7611610895962
5.302502502502495,330.9226346140088,78.33808742893564,988.5531905465025
5.310710710710704,331.52959724620575,78.36516599246498,991.348531790298
5.318918918918912,332.1367364396331,78.39224455599434,994.1471837098953
5.327127127127119,332.74405219429104,78.41932311952368,996.9491451981364
5.335335335335328,333.35154451017956,78.44640168305303,999.7544151517764
5.343543543543536,333.9592133872985,78.47348024658238,1002.5629924714679
5.351751751751745,334.5670588256481,78.50055881011173,1005.3748760617472
5.359959959959952,335.1750808252281,78.52763737364108,1008.1900648310173
5.368168168168161,335.78327938603877,78.55471593717043,1011.0085576915354
5.376376376376369,336.39165450807985,78.58179450069977,1013.8303535593944
5.3845845845845774,337.00020619135154,78.60887306422913,1016.6554513545112
5.392792792792785,337.60893443585366,78.63595162775847,1019.4838500006096
5.401001001000994,338.21783924158643,78.66303019128783,1022.3155484252073
5.409209209209202,338.8269206085496,78.69010875481717,1025.150545559599
5.41741741741741,339.4361785367434,78.71718731834653,1027.9888403388456
5.425625625625618,340.04561302616764,78.74426588187588,1030.8304317017542
5.433833833833827,340.65522407682255,78.77134444540522,1033.6753185908692
5.442042042042035,341.26501168870783,78.79842300893458,1036.5234999524532
5.450250250250243,341.87497586182377,78.82550157246392,1039.3749747364768
5.458458458458451,342.48511659617014,78.85258013599328,1042.2297418966011
5.466666666666659,343.095433891747,78.87965869952262,1045.0878003901653
5.4748748748748675,343.70593678890515,78.9098568864126,1047.9215751772492
5.483083083083075,344.31666328121514,78.94218820385508,1050.7398196037248
5.491291291291284,344.9276175955173,78.97451952129757,1053.5613964875874
5.499499499499492,345.53879973181137,79.00685083874006,1056.38630533298
5.5077077077077,346.1502096900976,79.03918215618255,1059.2145456469264
5.515915915915908,346.7618474703758,79.07151347362503,1062.0461169393154
5.524124124124117,347.3737130726461,79.10384479106753,1064.881018722895
5.532332332332325,347.9858064969084,79.13617610851001,1067.7192505132568
5.540540540540533,348.5981277431629,79.16850742595251,1070.5608118288296
5.548748748748741,349.21067681140926,79.200838743395,1073.405702190863
5.55695695695695,349.8234537016478,79.23317006083748,1076.253921123422
5.5651651651651575,350.43645841387826,79.26550137827998,1079.1054681533717
5.573373373373366,351.0496909481009,79.29783269572246,1081.9603428103715
5.581581581581574,351.6631513043155,79.33016401316495,1084.8185446268578
5.589789789789783,352.2768394825222,79.36249533060744,1087.6800731380408
5.59799799799799,352.89075548272086,79.39482664804993,1090.5449278818883
5.606206206206198,353.50489930491165,79.42715796549241,1093.4131083991176
5.614414414414407,354.11927094909447,79.45948928293491,1096.284614233185
5.622622622622615,354.73387041526934,79.4918206003774,1099.1594449302745
5.630830830830823,355.34869770343624,79.52415191781988,1102.0376000392885
5.639039039039031,355.9637528135952,79.55648323526238,1104.9190791118365
5.64724724724724,356.57903574574624,79.58881455270486,1107.8038817022264
5.6554554554554475,357.19454649988927,79.62114587014734,1110.6920073674519
5.663663663663656,357.81028507602446,79.65347718758984,1113.5834556671853
5.671871871871864,358.42625147415157,79.68580850503233,1116.4782261637636
5.680080080080073,359.04244569427084,79.71813982247481,1119.376318422183
5.68828828828828,359.65886773638204,79.75047113991731,1122.2777320100847
5.696496496496489,360.2755176004854,79.7828024573598,1125.1824664977494
5.704704704704697,360.8923952865807,79.81513377480228,1128.0905214580823
5.7129129129129055,361.50950079466816,79.84746509224478,1131.001896466607
5.721121121121113,362.1268341247476,79.87979640968726,1133.916591101454
5.729329329329322,362.7443952768191,79.91212772712976,1136.8346049433524
5.73753753753753,363.3621842508826,79.94445904457224,1139.7559375756189
5.7457457457457375,363.9802010469382,79.97679036201473,1142.680588584148
5.753953953953946,364.5984456649859,80.00912167945722,1145.608557557404
5.762162162162154,365.2169181050255,80.04145299689971,1148.5398440864092
5.770370370370363,365.8356183670573,80.07378431434219,1151.4744477647369
5.77857857857857,366.45454645108106,80.10611563178468,1154.4123681884996
5.786786786786779,367.073702357097,80.13844694922717,1157.3536049563413
5.794994994994987,367.69325652752724,80.24009431714084,1159.630735399274
5.8032032032031955,368.31388851015834,80.38633176962554,1161.484044710445
5.811411411411403,368.935668837067,80.53256922211021,1163.3434122421518
5.819619619619612,369.55859750825334,80.6788066745949,1165.2088362963718
5.82782782782782,370.1826745237172,80.82504412707956,1167.080315224664
5.836036036036028,370.8078998834587,80.97128157956426,1168.957847427731
5.844244244244236,371.4342735874777,81.11751903204893,1170.8414313549847
5.852452452452445,372.0617956357744,81.26375648453362,1172.731065504117
5.860660660660653,372.69046602834857,81.40999393701829,1174.626748420673
5.868868868868861,373.3202847652004,81.55623138950298,1176.5284786976324
5.877077077077069,373.9512518463298,81.70246884198765,1178.4362549749887
5.885285285285277,374.58336727173673,81.84870629447232,1180.3500759393414
5.8934934934934855,375.21663104142135,81.994943746957,1182.2699403234838
5.901701701701693,375.8510431553835,82.14118119944168,1184.1958469059987
5.909909909909902,376.4866036136233,82.28741865192637,1186.1277945108625
5.91811811811811,377.12331241614055,82.43365610441104,1188.0657820070417
5.926326326326318,377.76119292224877,82.58644946209284,1189.9469529396756
5.934534534534526,378.40029835289226,82.74119299410536,1191.815861105447
5.942742742742735,379.04063077507664,82.89593652611791,1193.6912529239828
5.950950950950943,379.6821901888017,83.05068005813042,1195.5731258743774
5.959159159159151,380.32497659406766,83.20542359014297,1197.4614774957365
5.967367367367359,380.96898999087426,83.36016712215549,1199.3563053866355
5.975575575575568,381.61423037922174,83.51491065416803,1201.257607204582
5.9837837837837755,382.2606977591099,83.66965418618055,1203.1653806654829
5.991991991991984,382.90839213053897,83.8243977181931,1205.0796235431221
6.000200200200192,383.55731349350873,83.97914125020561,1207.0003336686361
6.008408408408401,384.2074618480193,84.13388478221816,1208.9275089300031
6.016616616616608,384.85883719407065,84.28862831423068,1210.8611472715302
6.024824824824816,385.5114395316627,84.4433718462432,1212.80124669335
6.033033033033025,386.16526886079566,84.59811537825574,1214.7478052509236
6.041241241241233,386.8203251814693,84.75285891026826,1216.7008210545434
6.049449449449441,387.4766084936838,84.9076024422808,1218.660292268846
6.057657657657649,388.134118797439,85.06234597429332,1220.6262171123267
6.065865865865858,388.792856092735,85.21708950630587,1222.5985938568635
6.0740740740740655,389.4528203795718,85.37183303831839,1224.5774208272403
6.082282282282274,390.1140116579494,85.52657657033093,1226.5626964006783
6.090490490490482,390.7764299278677,85.68132010234345,1228.5544190063717
6.098698698698691,391.4400751893269,85.836063634356,1230.5525871250288
6.106906906906898,392.1049474423267,85.99080716636851,1232.5571992884152
6.115115115115107,392.77104668686746,86.14555069838106,1234.5682540789055
6.123323323323315,393.4383729229489,86.30029423039358,1236.585750129034
6.1315315315315235,394.10692615057116,86.45503776240612,1238.6096861210576
6.139739739739731,394.77670636973414,86.60978129441864,1240.6400607865155
6.14794794794794,395.44844093644554,86.94730411591472,1240.9385087790984
6.156156156156148,396.12295325744947,87.29081215343906,1241.2012963324303
6.1643643643643555,396.80024411267084,87.63432019096341,1241.4854459423566
6.172572572572564,397.48031350210977,87.9778282284878,1241.7908182443332
6.180780780780772,398.1631614257661,88.32133626601214,1242.1172760870375
6.188988988988981,398.8487878836399,88.66484430353653,1242.4646844925871
6.197197197197188,399.53644098392465,88.80005215498885,1244.7718071846557
6.205405405405397,400.2249315163848,88.9059994796075,1247.3569430699804
6.213613613613605,400.9142446442175,89.01194680422613,1249.9467405837688
6.2218218218218135,401.6043803674229,89.11789412884478,1252.541202794412
6.230030030030021,402.29533868600083,89.22384145346342,1255.1403327720038
6.23823823823823,402.9871195999515,89.32978877808206,1257.7441335883261
6.246446446446438,403.6797231092746,89.4357361027007,1260.352608316828
6.254654654654646,404.3731492139705,89.54168342731934,1262.9657600326145
6.262862862862854,405.0673979140389,89.64763075193798,1265.5835918124249
6.271071071071063,405.76246920948,89.75357807655664,1268.2061067346212
6.279279279279271,406.45836310029364,89.85952540117526,1270.8333078791686
6.287487487487479,407.15507958648,89.96547272579392,1273.465198327622
6.295695695695687,407.8526186680389,90.07142005041256,1276.1017811631075
6.303903903903896,408.55098034497047,90.1773673750312,1278.7430594703098
6.3121121121121035,409.2501646172746,90.28331469964984,1281.389036335452
6.320320320320311,409.95017148495134,90.38926202426848,1284.0397148462855
6.32852852852852,410.6510009480008,90.49520934888712,1286.695098092072
6.336736736736728,411.35265300642277,90.60115667350576,1289.355189163565
6.344944944944936,412.0551276602174,90.7071039981244,1292.0199911530012
6.353153153153144,412.75842490938464,90.81305132274304,1294.6895071540805
6.361361361361353,413.4625447539246,90.91899864736169,1297.363740261953
6.369569569569561,414.167487193837,91.02494597198032,1300.0426935732016
6.377777777777769,414.87325222912216,91.13089329659897,1302.7263701858328
6.385985985985977,415.5798398597799,91.2368406212176,1305.4147731992562
6.394194194194186,416.2872500858103,91.34278794583625,1308.1079057142722
6.4024024024023936,416.9954829072132,91.44873527045489,1310.8057708330584
6.410610610610602,417.704545880056,91.57929276389389,1313.2730806831512
6.41881881881881,418.415992451371,92.01606530870794,1312.8322895101321
6.427027027027019,419.13099244293505,92.45283785352204,1312.423580501573
6.4352352352352264,419.849545854748,92.88961039833609,1312.0466647331093
6.443443443443435,420.57165268681,93.3263829431502,1311.7012585818559
6.451651651651643,421.2972484649968,93.68489246183108,1312.116990032298
6.459859859859851,422.02422892914234,93.73272148283249,1315.4450776503538
6.468068068068059,422.75157806414603,93.78055050383391,1318.7772302534506
6.476276276276267,423.47929587000766,93.82837952483531,1322.113448328059
6.484484484484476,424.2073823467274,93.87620854583673,1325.4537323624218
6.492692692692684,424.9358374943051,93.92403756683815,1328.7980828465454
6.500900900900892,425.6646613127409,93.97186658783956,1332.1465002721939
6.5091091091091,426.3938538020347,94.01969560884098,1335.498985132878
6.517317317317309,427.1234149621866,94.0675246298424,1338.855537923854
6.5255255255255165,427.8533447931964,94.1153536508438,1342.2161591421109
6.533733733733725,428.5836432950644,94.16318267184522,1345.580849286368
6.541941941941933,429.314306987585,94.20804712567106,1348.9778899177973
6.550150150150142,430.04525123396905,94.24334550190994,1352.4701658407103
6.558358358358349,430.77643979739656,94.27864387814883,1355.9663623421477
6.566566566566558,431.5078726778677,94.3139422543877,1359.4664786857757
6.574774774774766,432.23954987538224,94.34924063062658,1362.970514138615
6.5829829829829745,432.97147138994035,94.38453900686545,1366.478467971034
6.591191191191182,433.70363722154195,94.41983738310434,1369.990339456732
6.59939939939939,434.436047370187,94.45513575934321,1373.5061278727287
6.607607607607599,435.1687018358757,94.49043413558209,1377.0258324993551
6.6158158158158065,435.90160061860786,94.52573251182096,1380.549452620235
6.624024024024015,436.63474371838356,94.56103088805985,1384.076987522278
6.632232232232223,437.3681311352027,94.59632926429873,1387.6084364956653
6.640440440440432,438.10176286906545,94.6316276405376,1391.1437988338396
6.648648648648639,438.83563891997164,94.66692601677649,1394.6830738334909
6.656856856856848,439.56975928792144,94.70222439301536,1398.2262607945465
6.665065065065056,440.3041239729146,94.73752276925424,1401.7733590201578
6.6732732732732645,441.0387329749514,94.77282114549313,1405.32436781669
6.681481481481472,441.7735862940317,94.808119521732,1408.8792864937104
6.689689689689681,442.50868393015554,94.84341789797088,1412.4381143639753
6.697897897897889,443.2440258833228,94.87871627420975,1416.0008507434186
6.706106106106097,443.9796121535337,94.91401465044864,1419.5674949511442
6.714314314314305,444.7154377156323,94.94713778848124,1423.1597554788193
6.722522522522514,445.4514753091073,94.97829766047619,1426.7755051848933
6.730730730730722,446.18772084046435,95.00945753247113,1430.3951460335966
6.738938938938929,446.92417430970346,95.04061740446606,1434.0186770021182
6.747147147147138,447.66083571682475,95.071777276461,1437.6460970712
6.755355355355346,448.39770506182805,95.10293714845595,1441.2774052251207
6.7635635635635545,449.1347823447135,95.1340970204509,1444.9126004516877
6.771771771771762,449.872067565481,95.16525689244584,1448.55168174222
6.779979979979971,450.60956072413063,95.19641676444078,1452.1946480915394
6.788188188188179,451.3472618206623,95.22757663643571,1455.8414984979574
6.796396396396387,452.0851708550761,95.25873650843066,1459.492231963261
6.804604604604595,452.823287827372,95.2898963804256,1463.1468474927024
6.812812812812804,453.56161273755,95.32105625242055,1466.8053440949866
6.821021021021012,454.30014558561,95.35221612441549,1470.467720782257
6.82922922922922,455.03888637155217,95.38337599641044,1474.1339765700884
6.837437437437428,455.77783509537636,95.41453586840537,1477.804110477469
6.845645645645637,456.5169917570827,95.44569574040031,1481.4781215267928
6.8538538538538445,457.25635635667106,95.47685561239525,1485.156008743846
6.862062062062053,457.99592889414157,95.5080154843902,1488.8377711577955
6.870270270270261,458.73570936949415,95.53917535638514,1492.523407801176
6.878478478478469,459.4756977827288,95.57033522838009,1496.21291770988
6.886686686686677,460.21589413384555,95.60149510037503,1499.9062999231467
6.894894894894885,460.9562984228444,95.63265497236996,1503.6035534835466
6.903103103103094,461.69691064972534,95.66381484436491,1507.3046774369745
6.911311311311302,462.43773081448836,95.69497471635985,1511.009670832635
6.91951951951951,463.1787589171335,95.7261345883548,1514.7185327230327
6.927727727727718,463.91999495766066,95.75729446034974,1518.4312621639585
6.935935935935927,464.66143893607,95.78845433234468,1522.1478582144825
6.9441441441441345,465.40309085236134,95.81961420433962,1525.8683199369386
6.952352352352343,466.1449507065348,95.85077407633456,1529.5926463969142
6.960560560560551,466.88701849859035,95.8819339483295,1533.320836663242
6.96876876876876,467.62929422852807,95.91309382032445,1537.0528898079845
6.976976976976967,468.37177789634774,95.94425369231939,1540.7888049064245
6.985185185185176,469.1144695020496,95.97541356431434,1544.5285810370565
6.993393393393384,469.8573690456335,96.00657343630927,1548.2722172815734
7.0016016016015925,470.60047652709954,96.03773330830421,1552.019712724855
7.0098098098098,471.3437919464476,96.06889318029916,1555.771066454958
7.018018018018008,472.0873153036777,96.1000530522941,1559.5262775631059
7.026226226226217,472.83104659879,96.13121292428904,1563.2853451436786
7.0344344344344245,473.5749858317844,96.16237279628399,1567.048268294199
7.042642642642633,474.3191330026608,96.19353266827892,1570.815046115325
7.050850850850841,475.0634881114193,96.22469254027386,1574.5856777108377
7.05905905905905,475.80805115806,96.25585241226881,1578.360162187632
7.067267267267257,476.55282214258267,96.28701228426375,1582.1384986557027
7.075475475475466,477.2978010649875,96.3181721562587,1585.92068622814
7.083683683683674,478.04298792527436,96.34933202825364,1589.7067240211124
7.0918918918918825,478.78838272344336,96.38049190024859,1593.496611153862
7.10010010010009,479.5339854594944,96.41165177224352,1597.2903467486901
7.108308308308299,480.27979613342757,96.44281164423846,1601.0879299309495
7.116516516516507,481.0258147452428,96.4739715162334,1604.8893598290324
7.124724724724715,481.77204129494015,96.50513138822835,1608.694635574362
7.132932932932923,482.51847578251954,96.5362912602233,1612.5037563013818
7.141141141141132,483.2651182079811,96.56745113221824,1616.3167211475438
7.14934934934934,484.01196857132464,96.59861100421317,1620.1335292533006
7.157557557557547,484.7590268725503,96.62977087620811,1623.9541797620952
7.165765765765756,485.5062931116581,96.66093074820306,1627.7786718203508
7.173973973973964,486.25376728864796,96.692090620198,1631.6070045774588
7.1821821821821725,487.0014494035199,96.72325049219295,1635.4391771857725
7.19039039039038,487.74933945627396,96.75441036418788,1639.2751888005953
7.198598598598589,488.4974374469101,96.78557023618282,1643.1150385801702
7.206806806806797,489.24574337542833,96.81673010817777,1646.9587256856728
7.215015015015005,489.9942572418287,96.84788998017271,1650.8062492811978
7.223223223223213,490.74297904611103,96.87904985216765,1654.6576085337533
7.231431431431422,491.49190878827557,96.9102097241626,1658.5128026132484
7.23963963963963,492.2410464683221,96.94136959615753,1662.3718306924845
7.247847847847838,492.9903920862508,96.97252946815247,1666.234691947147
7.256056056056046,493.7399456420615,97.00368934014742,1670.1013855557928
7.264264264264255,494.4897071357544,97.03484921214236,1673.971910699845
7.2724724724724625,495.2396765673293,97.0660090841373,1677.8462665635798
7.280680680680671,495.98985393678635,97.09716895613225,1681.7244523341192
7.288888888888879,496.7402392441254,97.1283288281272,1685.6064672014206
7.297097097097087,497.49083248934653,97.15948870012213,1689.4923103582696
7.305305305305295,498.2416336724499,97.19064857211707,1693.3819810002685
7.313513513513503,498.9926427934352,97.22180844411201,1697.2754783258267
7.321721721721712,499.7438598523027,97.25296831610696,1701.1728015361552
7.32992992992992,500.49528484905227,97.2841281881019,1705.0739498352534
7.338138138138128,501.2469177836839,97.31528806009685,1708.978922429902
7.346346346346336,501.9987586561976,97.34644793209178,1712.887718529654
7.354554554554545,502.75080746659347,97.37760780408672,1716.8003373468264
7.3627627627627525,503.50306421487136,97.40876767608167,1720.7167780964883
7.370970970970961,504.25552890103137,97.43992754807661,1724.6370399964555
7.379179179179169,505.00820152507345,97.47108742007156,1728.5611222672799
7.387387387387378,505.76108208699765,97.5022472920665,1732.4890241322414
7.395595595595585,506.51417058680386,97.53340716406143,1736.420744817338
7.403803803803794,507.26746702449225,97.56456703605637,1740.356283551278
7.412012012012002,508.02097140006265,97.59572690805132,1744.2956395654708
7.4202202202202105,508.77468371351523,97.62688678004626,1748.238812094019
7.428428428428418,509.5286039648498,97.65804665204121,1752.1858003737098
7.436636636636626,510.2827321540665,97.68920652403615,1756.1366036440036
7.444844844844835,511.03706828116526,97.7203663960311,1760.0912211470304
7.4530530530530426,511.7916302602945,97.76288408199846,1763.9131242024014
7.461261261261251,512.5466080748253,97.82457971614879,1767.508490800889
7.469469469469459,513.3020528000599,97.8862753502991,1771.107935845844
7.477677677677668,514.0579644359985,97.94797098444943,1774.7114608294994
7.4858858858858754,514.8143429826409,98.00966661859974,1778.3190672440976
7.494094094094084,515.5711884399873,98.07136225275006,1781.9307565818926
7.502302302302292,516.3285008080375,98.13305788690039,1785.5465303351482
7.510510510510501,517.0862800867917,98.19475352105071,1789.1663899961375
7.518718718718708,517.8445262762497,98.25644915520103,1792.7903370571394
7.526926926926917,518.6032393764116,98.31814478935135,1796.4183730104412
7.535135135135125,519.3624193872774,98.37984042350168,1800.0504993483369
7.5433433433433335,520.1220663088473,98.44153605765199,1803.6867175631253
7.551551551551541,520.8821801411208,98.5032316918023,1807.3270291471076
7.55975975975975,521.6427608840984,98.56492732595262,1810.9714355925923
7.567967967967958,522.4050267236332,98.93323335990192,1810.8758328305914
7.5761761761761655,523.1703438698796,99.31078392851902,1810.6957653920922
7.584384384384374,523.9387134302513,99.68833449713615,1810.544283706287
7.592592592592582,524.7101354047481,100.06588506575324,1810.4211903409807
7.600800800800791,525.4846097933703,100.44343563437036,1810.3262908107988
7.609009009008998,526.2621365961177,100.82098620298744,1810.2593935260227
7.617217217217207,527.0427158129903,101.19853677160457,1810.2203097424883
7.625425425425415,527.8263474439881,101.57608734022166,1810.2088535125429
7.6336336336336235,528.6130314891112,101.95363790883879,1810.2248416370212
7.641841841841831,529.4027679483594,102.33118847745587,1810.268093618217
7.65005005005004,530.1955568217331,102.70873904607299,1810.3384316138392
7.658258258258248,530.9913981092319,103.08628961469007,1810.435680391901
7.666466466466456,531.7902918108559,103.46384018330721,1810.5596672865547
7.674674674674664,532.5922379266051,103.8413907519243,1810.7102221548182
7.682882882882873,533.3972364564797,104.21894132054142,1810.887177334192
7.691091091091081,534.2052874004794,104.5964918891585,1811.090367601129
7.699299299299289,535.0163907586043,104.97404245777562,1811.3196301303562
7.707507507507497,535.8305465308545,105.35159302639272,1811.574804455013
7.715715715715705,536.6477547172299,105.7291435950098,1811.8557324275869
7.7239239239239135,537.4678240521969,106.00939099234667,1813.2699031776042
7.732132132132121,538.2894999382103,106.18339921287851,1815.9058489131626
7.74034034034033,539.1125543662017,106.35740743341036,1818.5495703124866
7.748548548548538,539.9369873361709,106.53141565394219,1821.2010655590725
7.756756756756746,540.7627988481181,106.70542387447405,1823.860332887648
7.764964964964954,541.589988902043,106.87943209500588,1826.5273705837592
7.773173173173163,542.418557497946,107.05344031553773,1829.2021769833698
7.781381381381371,543.2485046358269,107.22744853606957,1831.8847504724542
7.789589589589579,544.0798303156855,107.40145675660142,1834.5750894866044
7.797797797797787,544.9125345375221,107.57546497713325,1837.2731925106316
7.806006006005996,545.7466173013366,107.74947319766511,1839.9790580781798
7.8142142142142035,546.5820786071289,107.92348141819694,1842.6926847713344
7.822422422422412,547.4189184548992,108.09748963872879,1845.4140712202427
7.83063063063062,548.2571368446473,108.27149785926063,1848.1432161027287
7.838838838838829,549.0967337763734,108.44550607979248,1850.8801181439223
7.847047047047036,549.9377092500772,108.61951430032431,1853.6247761158804
7.855255255255244,550.780063265759,108.79352252085614,1856.3771888372219
7.863463463463453,551.623725678538,108.92643507949795,1859.604540709481
7.871671671671661,552.4681103219897,109.00304895682308,1863.4775143873871
7.879879879879869,553.313085552297,109.07966283414821,1867.3552210334674
7.888088088088077,554.1586513694598,109.15627671147332,1871.2376627645174
7.896296296296286,555.0048077734783,109.23289058879845,1875.1248416969831
7.9045045045044935,555.8515547643523,109.30950446612358,1879.0167599469564
7.912712712712702,556.698892342082,109.38611834344871,1882.9134196301795
7.92092092092091,557.5468205066672,109.46273222077383,1886.8148228620396
7.929129129129119,558.3953392581082,109.53934609809896,1890.7209717575736
7.937337337337326,559.2444485964045,109.61595997542408,1894.6318684314645
7.945545545545535,560.0941485215566,109.6925738527492,1898.5475149980466
7.953753753753743,560.9444390335642,109.76918773007434,1902.4679135712981
7.9619619619619515,561.7953201324275,109.84580160739947,1906.3930662648472
7.970170170170159,562.6467918181463,109.92241548472458,1910.322975191968
7.978378378378368,563.4988540907208,109.99902936204971,1914.2576424655833
7.986586586586576,564.3515069501508,110.07564323937484,1918.1970701982636
7.9947947947947835,565.2047503964363,110.15225711669996,1922.1412605022263
8.003003003002991,566.0585844295775,110.22887099402509,1926.090215489337
8.0112112112112,566.9130090495746,110.30548487135022,1930.043937271109
8.019419419419409,567.768024256427,110.38209874867535,1934.0024279586992
8.027627627627616,568.6236300501349,110.45871262600046,1937.9656896629176
8.035835835835824,569.4798264306985,110.53532650332559,1941.9337244942176
8.044044044044034,570.336613398118,110.61194038065072,1945.9065345627034
8.052252252252242,571.1939909523927,110.68855425797585,1949.884121978121
8.06046046046045,572.0519590935231,110.76516813530097,1953.8664888498683
8.068668668668657,572.9105178215091,110.84178201262608,1957.8536372869887
8.076876876876867,573.7696671363509,110.91839588995123,1961.8455693981748
8.085085085085074,574.629407038048,110.99500976727634,1965.8422872917617
8.093293293293282,575.4897375266008,111.07162364460147,1969.8437930757364
8.10150150150149,576.3506586020092,111.14823752192659,1973.850088857731
8.1097097097097,577.2121702642734,111.22485139925173,1977.861176745026
8.117917917917907,578.074272513393,111.30146527657685,1981.8770588445457
8.126126126126115,578.9369653493682,111.37807915390198,1985.8977372628647
8.134334334334323,579.8002487721989,111.4546930312271,1989.9232141062034
8.14254254254253,580.6641227818853,111.53130690855222,1993.9534914804308
8.15075075075074,581.5285873784275,111.60792078587735,1997.9885714910604
8.158958958958948,582.393642561825,111.68453466320248,2002.0284562432535
8.167167167167156,583.2592883320782,111.7611485405276,2006.0731478418197
8.175375375375364,584.1255246891869,111.83776241785273,2010.1226483912142
8.183583583583573,584.9923516331515,111.91437629517786,2014.1769599955417
8.19179179179178,585.8597691639715,111.99099017250299,2018.2360847585485
8.199999999999989,586.727777281647,112.0676040498281,2022.300024783633
